OID,PlaceName,Prop_Tax,Tax_Rev
0,Adelanto,293941,7959379
1,Agoura Hills,2915247,19688412
2,Alameda,32478748,108131302
3,Albany,5707840,21183003
4,Alhambra,12008604,54447836
5,Aliso Viejo,2838294,17144953
6,Alturas,364246,1605191
7,Amador,50812,109647
8,American Canyon,9041701,23118556
9,Anaheim,46208272,300895978
10,Anderson,815725,7757198
11,Angels,602449,3515868
12,Antioch,11901572,64933590
13,Apple Valley,4961363,26018602
14,Arcadia,15513719,54129132
15,Arcata,1609617,10980621
16,Arroyo Grande,5524339,15857554
17,Artesia,1018952,8371448
18,Arvin,237540,5465790
19,Atascadero,7442388,21780120
20,Atherton,9856986,17654092
21,Atwater,2325220,13835585
22,Auburn,3132788,12849459
23,Avalon,240263,9432830
24,Avenal,270513,3287173
25,Azusa,5433485,34911934
26,Bakersfield,48923465,258101527
27,Baldwin Park,4725368,31589284
28,Banning,2773670,11787219
29,Barstow,4505849,29030339
30,Beaumont,5073994,28227994
31,Bell,811408,17557255
32,Bell Gardens,1244337,24994458
33,Bellflower,3526203,32159379
34,Belmont,4404185,35473175
35,Belvedere,4948101,6569407
36,Benicia,16236863,39939134
37,Berkeley,66480632,202396817
38,Beverly Hills,60431236,199883870
39,Big Bear Lake,3069283,21849641
40,Biggs,183761,504767
41,Bishop,559746,6105661
42,Blue Lake,133612,444679
43,Blythe,865230,7813251
44,Bradbury,461751,879120
45,Brawley,2052481,14635432
46,Brea,7478105,49328265
47,Brentwood,13864519,45667969
48,Brisbane,2869402,18831068
49,Buellton,1599958,8037952
50,Buena Park,7308559,57682734
51,Burbank,34253501,144081152
52,Burlingame,16630088,65094349
53,Calabasas,8084344,24269711
54,Calexico,2006992,17239207
55,California City,1354894,11114657
56,Calimesa,2770587,5369221
57,Calipatria,46925,1121186
58,Calistoga,2195794,9702794
59,Camarillo,11495684,41685735
60,Campbell,11213827,42031535
61,Canyon Lake,1883557,5051607
62,Capitola,1241099,19160788
63,Carlsbad,58054159,146074420
64,Carmel-By-The-Sea,6414384,18283382
65,Carpinteria,2533536,12858537
66,Carson,7771814,76822534
67,Cathedral City,1019832,50380742
68,Ceres,2445019,20175893
69,Cerritos,3736101,53131193
70,Chico,9530383,59790773
71,Chino,10963686,61329369
72,Chino Hills,5837210,28769938
73,Chowchilla,858888,8432733
74,Chula Vista,37185729,174396959
75,Citrus Heights,5888260,27671375
76,Claremont,6208025,25178676
77,Clayton,1010464,5408724
78,Clearlake,844822,8485708
79,Cloverdale,1642854,7366773
80,Clovis,15144340,66216813
81,Coachella,404683,18624844
82,Coalinga,415800,6921958
83,Colfax,368127,2375187
84,Colma,493745,14767130
85,Colton,4095786,26876766
86,Colusa,909425,3855426
87,Commerce,2015588,59900773
88,Compton,4413503,90248811
89,Concord,15797727,102611731
90,Corcoran,255529,7530503
91,Corning,597257,6659846
92,Corona,28677822,102625230
93,Coronado,28524253,48266930
94,Corte Madera,4927263,19892827
95,Costa Mesa,30986854,117478906
96,Cotati,604623,8049061
97,Covina,6755767,42181243
98,Crescent City,142270,3796882
99,Cudahy,162196,8100886
100,Culver City,5897646,95905694
101,Cupertino,17728990,78326620
102,Cypress,9970998,36258789
103,Daly City,23169543,82174086
104,Dana Point,9198714,33299131
105,Danville,10677837,25806022
106,Davis,14102536,55999876
107,Del Mar,5983398,13705718
108,Del Rey Oaks,495351,2938162
109,Delano,2367646,24841155
110,Desert Hot Springs,902055,17811161
111,Diamond Bar,5406319,23305674
112,Dinuba,735789,19800974
113,Dixon,4470559,19877862
114,Dorris,96988,257584
115,Dos Palos,364500,1744501
116,Downey,16595444,83013155
117,Duarte,1389050,12195226
118,Dublin,39843828,88412104
119,Dunsmuir,320878,1061792
120,East Palo Alto,7371442,29627409
121,Eastvale,8557031,28483871
122,El Cajon,8563558,66926509
123,El Centro,3946755,35570785
124,El Cerrito,8430315,29449615
125,El Monte,7165049,76888723
126,El Paso De Robles,6810152,38493884
127,El Segundo,8527104,61152251
128,Elk Grove,13493425,73584343
129,Emeryville,1741052,45882282
130,Encinitas,41715422,69601510
131,Escalon,1178155,3944637
132,Escondido,13705743,82698124
133,Etna,106066,297825
134,Eureka,2928424,25690796
135,Exeter,1133245,4886860
136,Fairfax,2856167,10093655
137,Fairfield,15946212,100181438
138,Farmersville,381442,4658609
139,Ferndale,161937,723031
140,Fillmore,576656,6264136
141,Firebaugh,195309,3709462
142,Folsom,28803455,80267848
143,Fontana,32797043,135655418
144,Fort Bragg,437791,6845721
145,Fort Jones,90120,392693
146,Fortuna,471766,6491082
147,Foster City,NULL,47360216
148,Fountain Valley,12105157,49726330
149,Fowler,693582,5519372
150,Fremont,76945549,263697694
151,Fresno,73571025,305608188
152,Fullerton,30903351,80778708
153,Galt,2962435,14948231
154,Garden Grove,15738375,120479616
155,Gardena,7660514,45426554
156,Gilroy,10147346,44892609
157,Glendale,35845124,193617548
158,Glendora,7276680,35516468
159,Goleta,3544100,27075128
160,Gonzales,1064025,5228162
161,Grand Terrace,635274,5805615
162,Grass Valley,2765998,17343399
163,Greenfield,416309,9102861
164,Gridley,584178,2436798
165,Grover Beach,2603141,12360502
166,Guadalupe,263599,2885237
167,Gustine,533284,2496808
168,Half Moon Bay,1981573,13966889
169,Hanford,5345967,28693622
170,Hawaiian Gardens,8442,14393613
171,Hawthorne,6377532,75941634
172,Hayward,37792660,167083807
173,Healdsburg,1856210,15602136
174,Hemet,5963865,47784854
175,Hercules,1301832,13529675
176,Hermosa Beach,16260571,29785683
177,Hesperia,899552,30723214
178,Hidden Hills,1037520,2363343
179,Highland,6634553,21761887
180,Hillsborough,16953377,26082933
181,Hollister,1310840,24735393
182,Holtville,169078,1968655
183,Hughson,369271,2725286
184,Huntington Beach,58395301,176908321
185,Huntington Park,976186,37575985
186,Huron,151127,1743704
187,Imperial,1566916,7887383
188,Imperial Beach,1741570,14222843
189,Indian Wells,2771569,13848895
190,Indio,7561563,59891292
191,Industry,2468464,113298236
192,Inglewood,9206352,122406010
193,Ione,789554,2936648
194,Irvine,49453704,199067587
195,Irwindale,436624,18936189
196,Isleton,82225,992257
197,Jackson,920804,3104587
198,Jurupa Valley,5444130,43725655
199,Kerman,852144,7912017
200,King City,909190,7946950
201,Kingsburg,1217194,7447309
202,La Canada Flintridge,5807089,14157084
203,La Habra,11062700,40121603
204,La Habra Heights,1518441,2885366
205,La Mesa,8129684,44877614
206,La Mirada,6394006,32262774
207,La Palma,2314133,9753722
208,La Puente,1586030,16370258
209,La Quinta,7027361,45429835
210,La Verne,5674562,22863680
211,Lafayette,5549814,15676543
212,Laguna Beach,35309537,59470009
213,Laguna Hills,7633721,19725170
214,Laguna Niguel,16299134,40076492
215,Laguna Woods,269715,5209973
216,Lake Elsinore,2910460,29773644
217,Lake Forest,10388110,55032018
218,Lakeport,567505,5239548
219,Lakewood,5393247,37306606
220,Lancaster,8505184,87682077
221,Larkspur,9035806,19350778
222,Lathrop,4908708,31539812
223,Lawndale,1039219,17161745
224,Lemon Grove,2610911,13208591
225,Lemoore,966101,8390280
226,Lincoln,6546170,18406217
227,Lindsay,362276,6300223
228,Live Oak,705754,3304502
229,Livermore,35871115,97324625
230,Livingston,1453174,5596764
231,Lodi,11336624,52258237
232,Loma Linda,1323807,12165494
233,Lomita,1714945,8842189
234,Lompoc,4616793,19460590
235,Long Beach,98467257,467690420
236,Loomis,1257340,4766474
237,Los Alamitos,2300415,10757520
238,Los Altos,21138217,37791611
239,Los Altos Hills,5127420,7973525
240,Los Angeles,1535239086,5165194300
241,Los Banos,4042409,23137463
242,Los Gatos,12477497,31625747
243,Loyalton,28189,110998
244,Lynwood,2902969,35890621
245,Madera,4627504,30578150
246,Malibu,12107754,28673010
247,Mammoth Lakes,2525208,30397421
248,Manhattan Beach,28545348,54481681
249,Manteca,9318266,54877539
250,Maricopa,82077,304962
251,Marina,2512767,22470564
252,Martinez,9521300,32325925
253,Marysville,1302691,9468577
254,Maywood,272271,12529434
255,McFarland,430502,2925174
256,Mendota,52582,3692915
257,Menifee,14603427,53250379
258,Menlo Park,16687680,54854567
259,Merced,7309890,45525348
260,Mill Valley,17920811,26532578
261,Millbrae,6280593,24875098
262,Milpitas,18895838,106894566
263,Mission Viejo,25152234,59743921
264,Modesto,16380803,135636387
265,Monrovia,8977191,41032771
266,Montague,157304,460845
267,Montclair,3169853,27193866
268,Monte Sereno,1467741,2500883
269,Montebello,4420502,47742878
270,Monterey,7924105,61150191
271,Monterey Park,10157425,43715215
272,Moorpark,5213459,18028278
273,Moraga,2400992,9538946
274,Moreno Valley,20113958,104808067
275,Morgan Hill,5785756,39685282
276,Morro Bay,3372064,12095845
277,Mountain View,91468893,155443870
278,Mt. Shasta,577855,3617554
279,Murrieta,21066114,77992039
280,Napa,24048936,85658586
281,National City,3927793,48124802
282,Needles,1272283,5783347
283,Nevada City,1330222,5430584
284,Newark,16955717,57337566
285,Newman,893951,3534599
286,Newport Beach,98246663,184277475
287,Norco,1500951,22395295
288,Norwalk,7772156,50071266
289,Novato,7561446,31070497
290,Oakdale,1697409,13050297
291,Oakland,136081521,829940534
292,Oakley,3704460,20943326
293,Oceanside,44521613,120261822
294,Ojai,1720185,8447140
295,Ontario,34842314,264750919
296,Orange,24754270,108983511
297,Orange Cove,46740,2573087
298,Orinda,5458894,17013151
299,Orland,951938,4981259
300,Oroville,622884,20508520
301,Oxnard,37433282,133316143
302,Pacific Grove,5465667,20738966
303,Pacifica,12781322,29500402
304,Palm Desert,5279155,53302564
305,Palm Springs,25332395,115374967
306,Palmdale,7382083,100068193
307,Palo Alto,39058744,127662406
308,Palos Verdes Estates,8719292,12314062
309,Paradise,5306138,9899767
310,Paramount,1775394,28459917
311,Parlier,223825,4436169
312,Pasadena,58204190,213414022
313,Patterson,3386051,14522504
314,Perris,6068277,66149081
315,Petaluma,9591752,40641147
316,Pico Rivera,4088989,44664983
317,Piedmont,14287149,24731443
318,Pinole,2421787,18238674
319,Pismo Beach,4586134,21077702
320,Pittsburg,3715900,34873822
321,Placentia,9132304,36289120
322,Placerville,296690,10880021
323,Pleasant Hill,3414714,28500772
324,Pleasanton,63818929,116975820
325,Plymouth,236439,922637
326,Point Arena,55135,371749
327,Pomona,18150637,101008125
328,Port Hueneme,1714553,16395240
329,Porterville,2982870,34394221
330,Portola,252813,816112
331,Portola Valley,2489548,5054469
332,Poway,11077590,41929444
333,Rancho Cordova,11087134,58676077
334,Rancho Cucamonga,34894293,128858445
335,Rancho Mirage,5418389,22853656
336,Rancho Palos Verdes,9061824,29088974
337,Rancho Santa Margarita,2630685,16826732
338,Red Bluff,1688081,10436138
339,Redding,11111281,59835316
340,Redlands,21798609,58503534
341,Redondo Beach,28282615,66562506
342,Redwood City,41611334,128529666
343,Reedley,1265408,8632493
344,Rialto,7066353,75163120
345,Richmond,36435019,179764738
346,Ridgecrest,389669,12976980
347,Rio Dell,127694,1606081
348,Rio Vista,1833650,5697175
349,Ripon,1860612,8951233
350,Riverbank,1338116,7540842
351,Riverside,23631828,256160037
352,Rocklin,12320504,45883472
353,Rohnert Park,4096744,32103293
354,Rolling Hills,1197337,1606755
355,Rolling Hills Estates,2454040,6212927
356,Rosemead,3045637,22038833
357,Roseville,39140681,132347998
358,Ross,4000161,6111836
359,Sacramento,136454000,505369000
360,Salinas,15977806,135785818
361,San Anselmo,7451013,18162386
362,San Bernardino,45194,117560327
363,San Bruno,8080257,34725824
364,San Buenaventura,28167061,101556223
365,San Carlos,13016722,41044981
366,San Clemente,27248449,52934039
367,San Diego,400041360,1383978502
368,San Dimas,4360890,22064449
369,San Fernando,1916475,22241983
370,San Francisco,1571935231,4636362112
371,San Gabriel,6081980,33784199
372,San Jacinto,2001059,13322678
373,San Joaquin,29616,1060871
374,San Jose,227936158,1118604705
375,San Juan Bautista,424540,1525693
376,San Juan Capistrano,7284852,25634394
377,San Leandro,14109211,102757681
378,San Luis Obispo,13188944,59301869
379,San Marcos,7268652,50283513
380,San Marino,16394798,22115437
381,San Mateo,40194093,115661011
382,San Pablo,483484,37796667
383,San Rafael,15992060,72192758
384,San Ramon,15961404,44299653
385,Sand City,89704,5892333
386,Sanger,1743951,11490782
387,Santa Ana,38846491,264799620
388,Santa Barbara,23235482,127244457
389,Santa Clara,40092583,144055324
390,Santa Clarita,27496582,116183767
391,Santa Cruz,14625149,79374230
392,Santa Fe Springs,2489602,62641418
393,Santa Maria,11438165,78838102
394,Santa Monica,35074437,276714317
395,Santa Paula,645695,10791548
396,Santa Rosa,28365642,150793230
397,Santee,11126430,39711914
398,Saratoga,9784690,22052529
399,Sausalito,3464363,13001993
400,Scotts Valley,976707,10755601
401,Seal Beach,9115553,29029012
402,Seaside,1879313,31807224
403,Sebastopol,1493352,8368870
404,Selma,1440232,16182405
405,Shafter,1728373,28559914
406,Shasta Lake,818801,4760853
407,Sierra Madre,4900498,10907445
408,Signal Hill,705983,21793436
409,Simi Valley,24127586,70827173
410,Solana Beach,8261801,16238467
411,Soledad,437958,9699857
412,Solvang,853273,7034415
413,Sonoma,4310824,14305839
414,Sonora,607593,6599548
415,South El Monte,893887,14656676
416,South Gate,2920086,41728233
417,South Lake Tahoe,8359967,40890154
418,South Pasadena,11689064,24803574
419,South San Francisco,20430721,106761747
420,St. Helena,4414649,15845619
421,Stanton,1406833,20678379
422,Stockton,35341187,253054870
423,Suisun City,839971,14551683
424,Sunnyvale,60493094,162793623
425,Susanville,1027484,4862661
426,Sutter Creek,556461,1589387
427,Taft,691051,3739090
428,Tehachapi,1056734,7765500
429,Tehama,19075,81263
430,Temecula,7973535,103290386
431,Temple City,4888169,14915274
432,Thousand Oaks,19710162,82500078
433,Tiburon,4257149,9673745
434,Torrance,37129857,170128448
435,Tracy,15197495,86962184
436,Trinidad,109253,565571
437,Truckee,11936136,32411516
438,Tulare,5456056,42247784
439,Tulelake,76165,288514
440,Turlock,5423351,42511143
441,Tustin,10481875,52176353
442,Twentynine Palms,2147232,9449942
443,Ukiah,790843,19970975
444,Union City,13702194,50786456
445,Upland,7345526,35853692
446,Vacaville,15548304,99491761
447,Vallejo,20628317,93372331
448,Vernon,2924556,46339542
449,Victorville,5940808,59133978
450,Villa Park,2001797,3346811
451,Visalia,12229960,102913344
452,Vista,12948591,68510124
453,Walnut,2785524,12229630
454,Walnut Creek,18887692,63152241
455,Wasco,700613,9041795
456,Waterford,376825,2970350
457,Watsonville,7569447,41887628
458,Weed,387680,2662858
459,West Covina,12096009,59987659
460,West Hollywood,18510670,74900045
461,West Sacramento,20920086,75895165
462,Westlake Village,2527816,11708498
463,Westminster,2365519,54759164
464,Westmorland,89046,1393873
465,Wheatland,439015,1983785
466,Whittier,6403703,47741306
467,Wildomar,4220201,14592838
468,Williams,1144178,4590654
469,Willits,439855,5087738
470,Willows,836489,3896386
471,Windsor,5335451,14963533
472,Winters,788808,4480505
473,Woodlake,197601,4199007
474,Woodland,12633611,46607332
475,Woodside,4009031,7970404
476,Yorba Linda,15951118,38496469
477,Yountville,1242685,10384164
478,Yreka,1071440,6548262
479,Yuba City,7882378,34883625
480,Yucaipa,6762836,19855346
481,Yucca Valley,2918917,16239418
482,Adelanto,242081,8379208
483,Agoura Hills,2882003,20776976
484,Alameda,30071688,104149055
485,Albany,5431182,19815521
486,Alhambra,11632948,54145658
487,Aliso Viejo,2720946,19013189
488,Alturas,349547,1472951
489,Amador,42709,102684
490,American Canyon,13399533,30838963
491,Anaheim,43611945,348255926
492,Anderson,862593,7908419
493,Angels,565345,3151255
494,Antioch,11311544,56914435
495,Apple Valley,4807532,26767977
496,Arcadia,14730972,52953359
497,Arcata,1506440,11935315
498,Arroyo Grande,5218690,14383619
499,Artesia,939112,8573738
500,Arvin,235804,5525217
501,Atascadero,7211606,20851518
502,Atherton,9219603,16512613
503,Atwater,2011535,12229862
504,Auburn,2983797,12617851
505,Avalon,2751026,12649099
506,Avenal,448450,3618672
507,Azusa,5063447,33818155
508,Bakersfield,48375512,202998974
509,Baldwin Park,4454578,31308266
510,Banning,2718843,11841315
511,Barstow,4975424,25584577
512,Beaumont,4651936,19131849
513,Bell,739577,16663994
514,Bell Gardens,1049568,28072190
515,Bellflower,3359417,30592810
516,Belmont,4094423,34338437
517,Belvedere,4747262,6295299
518,Benicia,15477666,40290362
519,Berkeley,61986491,194538633
520,Beverly Hills,60594503,218115167
521,Big Bear Lake,2943959,21093573
522,Biggs,172670,535849
523,Bishop,528616,6723638
524,Blue Lake,124666,497205
525,Blythe,865659,6254624
526,Bradbury,466497,904760
527,Brawley,1830751,11185716
528,Brea,7173278,50434867
529,Brentwood,13033849,44713555
530,Brisbane,2687419,19219601
531,Buellton,1501880,8475840
532,Buena Park,7054802,60583750
533,Burbank,33235262,136843569
534,Burlingame,15428968,73639921
535,Calabasas,7749503,24290541
536,Calexico,1903210,16492528
537,California City,1469485,11017282
538,Calimesa,2631592,5064576
539,Calipatria,51811,1070230
540,Calistoga,1939516,11545128
541,Camarillo,9650052,41720831
542,Campbell,10487407,42363924
543,Canyon Lake,1814089,5052819
544,Capitola,1190635,15594108
545,Carlsbad,55211178,152410210
546,Carmel-By-The-Sea,6217329,20829241
547,Carpinteria,2454271,10917083
548,Carson,7887612,78021632
549,Cathedral City,1051837,51648035
550,Ceres,2333134,19915379
551,Cerritos,3594387,53699084
552,Chico,8359990,60456150
553,Chino,10226294,63593296
554,Chino Hills,5339558,28934723
555,Chowchilla,856210,6608278
556,Chula Vista,35507470,162899046
557,Citrus Heights,5530450,31359779
558,Claremont,5882541,25285133
559,Clayton,969633,5032296
560,Clearlake,672098,7017319
561,Cloverdale,1633231,6315863
562,Clovis,14434546,62152987
563,Coachella,796583,19920776
564,Coalinga,411363,4372966
565,Colfax,356552,2198347
566,Colma,471595,17419225
567,Colton,3799672,27668304
568,Colusa,854043,3596526
569,Commerce,1945839,73867877
570,Compton,4347052,76502736
571,Concord,15656025,105769889
572,Corcoran,284320,6007838
573,Corning,595322,6549952
574,Corona,27950394,109101408
575,Coronado,27057433,52117931
576,Corte Madera,4783635,23584048
577,Costa Mesa,29225255,128761666
578,Cotati,573650,7857470
579,Covina,6610025,36449120
580,Crescent City,137438,4043465
581,Cudahy,222827,7853178
582,Culver City,5267829,95366840
583,Cupertino,16534517,69533770
584,Cypress,9564290,36030183
585,Daly City,22248816,74518434
586,Dana Point,8810397,36759936
587,Danville,10170146,25268211
588,Davis,13397372,56269654
589,Del Mar,5662270,15395012
590,Del Rey Oaks,474237,3473750
591,Delano,2646317,23667186
592,Desert Hot Springs,843093,16364018
593,Diamond Bar,5226999,23546671
594,Dinuba,706489,17500962
595,Dixon,4132510,21201443
596,Dorris,93834,217553
597,Dos Palos,343855,1577804
598,Downey,15954490,84345016
599,Duarte,1398539,12511227
600,Dublin,35861087,98379619
601,Dunsmuir,302762,1018569
602,East Palo Alto,7190648,29216213
603,Eastvale,8078604,26786941
604,El Cajon,8232363,68145967
605,El Centro,3725678,33651858
606,El Cerrito,7973793,27255464
607,El Monte,6782920,76999412
608,El Paso De Robles,6479122,40024186
609,El Segundo,8365637,67932407
610,Elk Grove,12857911,72576109
611,Emeryville,1619329,47275831
612,Encinitas,39952979,68018099
613,Escalon,1141915,3941791
614,Escondido,13178444,82912137
615,Etna,105364,290482
616,Eureka,2817979,26251629
617,Exeter,1070771,4561902
618,Fairfax,2727627,9510276
619,Fairfield,14990439,104521152
620,Farmersville,360680,3601696
621,Ferndale,156581,758917
622,Fillmore,564735,6175434
623,Firebaugh,210221,3587049
624,Folsom,26669898,81244989
625,Fontana,27033048,129382610
626,Fort Bragg,415465,7112406
627,Fort Jones,84762,316233
628,Fortuna,436545,6318662
629,Foster City,NULL,49452291
630,Fountain Valley,11642087,52008609
631,Fowler,712942,4169524
632,Fremont,71706600,249598398
633,Fresno,70682166,292642541
634,Fullerton,29411822,81104582
635,Galt,2812068,12981942
636,Garden Grove,15302139,113583734
637,Gardena,7489326,49835716
638,Gilroy,9245260,46833902
639,Glendale,34258870,180715817
640,Glendora,6918296,29327816
641,Goleta,3341295,29044336
642,Gonzales,470533,4763183
643,Grand Terrace,591150,5071469
644,Grass Valley,2696752,16471908
645,Greenfield,361626,8592038
646,Gridley,475335,2931269
647,Grover Beach,2466852,10701873
648,Guadalupe,213471,2751176
649,Gustine,570381,2341654
650,Half Moon Bay,1893444,17552590
651,Hanford,5329166,27496525
652,Hawaiian Gardens,9703,18023611
653,Hawthorne,5985773,74980425
654,Hayward,34811731,163714602
655,Healdsburg,2486134,17307292
656,Hemet,5845717,47211054
657,Hercules,1251258,13085539
658,Hermosa Beach,15451986,29835529
659,Hesperia,913552,29434465
660,Hidden Hills,1036062,2274080
661,Highland,6170432,20607788
662,Hillsborough,16023614,25062258
663,Hollister,1203363,27763684
664,Holtville,242347,1841983
665,Hughson,324781,2626628
666,Huntington Beach,55707604,177448493
667,Huntington Park,951429,34308379
668,Huron,35893,1765310
669,Imperial,1452891,7015827
670,Imperial Beach,1743763,13080139
671,Indian Wells,2703362,21924649
672,Indio,7217737,64106979
673,Industry,2404671,116020635
674,Inglewood,8355295,116776435
675,Ione,726642,2496466
676,Irvine,46355903,204138639
677,Irwindale,481590,20451445
678,Isleton,75693,760249
679,Jackson,870555,3191937
680,Jurupa Valley,5234241,33362767
681,Kerman,893415,5935461
682,King City,900988,7639041
683,Kingsburg,1277188,6742118
684,La Canada Flintridge,5508738,13897565
685,La Habra,10342329,38807785
686,La Habra Heights,1557511,2916010
687,La Mesa,7659971,45163144
688,La Mirada,5969889,32273936
689,La Palma,2215965,10498293
690,La Puente,1506438,14273735
691,La Quinta,7028540,50358283
692,La Verne,5260928,24766454
693,Lafayette,5257039,16239761
694,Laguna Beach,33603823,61637999
695,Laguna Hills,7383175,20265675
696,Laguna Niguel,15621461,38806129
697,Laguna Woods,268297,5329907
698,Lake Elsinore,2214755,27955076
699,Lake Forest,9838485,48487216
700,Lakeport,407676,5233001
701,Lakewood,5206883,37814539
702,Lancaster,3816451,87956770
703,Larkspur,8628589,20139152
704,Lathrop,4401993,35106293
705,Lawndale,1070904,14723854
706,Lemon Grove,2491574,14674642
707,Lemoore,881294,8374705
708,Lincoln,6260037,18558154
709,Lindsay,355271,6414873
710,Live Oak,663970,3156767
711,Livermore,33835011,99785007
712,Livingston,1337458,5033602
713,Lodi,10710564,44575559
714,Loma Linda,1314378,16920662
715,Lomita,1591325,9908962
716,Lompoc,4305184,19134437
717,Long Beach,94941038,483509040
718,Loomis,1187677,4765666
719,Los Alamitos,2159009,10921495
720,Los Altos,19221220,36664749
721,Los Altos Hills,4788600,7305331
722,Los Angeles,1444968003,5152048284
723,Los Banos,3761905,20876906
724,Los Gatos,8527207,32207414
725,Loyalton,62693,212315
726,Lynwood,2936714,38245855
727,Madera,4293190,30197963
728,Malibu,11582210,27343986
729,Mammoth Lakes,2571365,36804023
730,Manhattan Beach,27033568,55023306
731,Manteca,8538973,53939071
732,Maricopa,126233,302076
733,Marina,2417421,22225218
734,Martinez,9163549,31208066
735,Marysville,1206670,8320212
736,Maywood,264748,11177858
737,McFarland,413547,4210304
738,Mendota,435423,3023903
739,Menifee,13549229,47344502
740,Menlo Park,25046664,60305770
741,Merced,6796208,43129409
742,Mill Valley,15524791,26894523
743,Millbrae,5860375,26390109
744,Milpitas,17520871,124011226
745,Mission Viejo,24179990,61202996
746,Modesto,15692763,122437100
747,Monrovia,7798249,39785260
748,Montague,153443,434316
749,Montclair,3073023,28523956
750,Monte Sereno,1368370,2404343
751,Montebello,4204370,49099479
752,Monterey,7613771,72513994
753,Monterey Park,9473771,43423851
754,Moorpark,5054125,17754509
755,Moraga,2284891,9089979
756,Moreno Valley,18670988,101566789
757,Morgan Hill,5415983,39949020
758,Morro Bay,3309966,12960047
759,Mountain View,83019486,152202602
760,Mt. Shasta,550975,3467412
761,Murrieta,20121964,64617980
762,Napa,24323788,84597921
763,National City,3769392,49389142
764,Needles,1303700,4334691
765,Nevada City,1280107,4765454
766,Newark,15393418,57972195
767,Newman,668203,3302378
768,Newport Beach,93260377,184520562
769,Norco,1470063,19333804
770,Norwalk,7082294,49560918
771,Novato,7432276,35597488
772,Oakdale,1621731,13208577
773,Oakland,126370208,820803392
774,Oakley,3420816,15038778
775,Oceanside,42585364,115691264
776,Ojai,1656129,8850866
777,Ontario,32294484,257098271
778,Orange,23663183,110633219
779,Orange Cove,248070,1828470
780,Orinda,5132064,16470452
781,Orland,896587,5087710
782,Oroville,512222,15647571
783,Oxnard,36601012,134962984
784,Pacific Grove,5237250,22583371
785,Pacifica,12075802,28366839
786,Palm Desert,5293349,61065909
787,Palm Springs,24557058,128038204
788,Palmdale,6711053,91218556
789,Palo Alto,35379670,137156473
790,Palos Verdes Estates,8359288,12048279
791,Paradise,5210223,12449147
792,Paramount,1679106,28247815
793,Parlier,256194,3094202
794,Pasadena,58546004,207409181
795,Patterson,3126625,13060761
796,Perris,5687412,68681887
797,Petaluma,9335794,41392795
798,Pico Rivera,4048061,42666829
799,Piedmont,13572968,24052837
800,Pinole,2239568,18407035
801,Pismo Beach,4324213,22097529
802,Pittsburg,3619811,32929317
803,Placentia,8839771,30292245
804,Placerville,276531,10405337
805,Pleasant Hill,3133702,27463983
806,Pleasanton,60078434,113356911
807,Plymouth,229828,1299257
808,Point Arena,54254,393130
809,Pomona,17070815,90806094
810,Port Hueneme,1625599,11595330
811,Porterville,2872395,29472718
812,Portola,241186,779015
813,Portola Valley,2400052,4915729
814,Poway,10659183,43199520
815,Rancho Cordova,10361196,67596171
816,Rancho Cucamonga,34372212,136674625
817,Rancho Mirage,3014310,27767115
818,Rancho Palos Verdes,8677523,30796208
819,Rancho Santa Margarita,2536129,16989901
820,Red Bluff,1636800,10774570
821,Redding,10498903,58647255
822,Redlands,20331796,57514634
823,Redondo Beach,27364739,68212426
824,Redwood City,39074485,126150248
825,Reedley,1240262,8301903
826,Rialto,6888842,72415985
827,Richmond,41785482,182125094
828,Ridgecrest,398761,13200593
829,Rio Dell,116555,1291810
830,Rio Vista,1669673,5647870
831,Ripon,1734026,8212975
832,Riverbank,1302123,7767690
833,Riverside,23189223,255375386
834,Rocklin,11560177,44453724
835,Rohnert Park,3857064,31941616
836,Rolling Hills,1184571,1598766
837,Rolling Hills Estates,2372327,6148454
838,Rosemead,2988895,20615769
839,Roseville,35897445,116768294
840,Ross,3855218,5896595
841,Sacramento,125793000,453532000
842,Salinas,15362471,138418506
843,San Anselmo,7190978,18332729
844,San Bernardino,19583,117185683
845,San Bruno,7514666,34906241
846,San Buenaventura,26545851,99691627
847,San Carlos,10900417,40848586
848,San Clemente,25863686,52729383
849,San Diego,380996652,1466538588
850,San Dimas,4278688,22677628
851,San Fernando,1830526,22349260
852,San Francisco,1474328175,5050681385
853,San Gabriel,5702424,34416236
854,San Jacinto,1927991,13212213
855,San Joaquin,34212,1007564
856,San Jose,206965556,1009198340
857,San Juan Bautista,377392,1471578
858,San Juan Capistrano,6859422,26325720
859,San Leandro,13361005,101253490
860,San Luis Obispo,12163395,60882786
861,San Marcos,6452021,47392396
862,San Marino,15684345,21661711
863,San Mateo,37467929,122865912
864,San Pablo,1808579,42963767
865,San Rafael,15457761,74607160
866,San Ramon,14698884,44390604
867,Sand City,90663,6445583
868,Sanger,1698172,10716665
869,Santa Ana,37309791,214882201
870,Santa Barbara,22124859,132804301
871,Santa Clara,36595901,155833485
872,Santa Clarita,25547736,119019388
873,Santa Cruz,13867260,82655404
874,Santa Fe Springs,2510862,50393523
875,Santa Maria,10739359,63612422
876,Santa Monica,32814830,294690084
877,Santa Paula,701743,10953246
878,Santa Rosa,28253588,147506785
879,Santee,10538309,37827386
880,Saratoga,9082894,19845218
881,Sausalito,4749945,14095983
882,Scotts Valley,958736,11944099
883,Seal Beach,8343572,25094751
884,Seaside,1834843,31999121
885,Sebastopol,1486809,8682973
886,Selma,1415323,15102169
887,Shafter,1519332,23681829
888,Shasta Lake,791920,4407589
889,Sierra Madre,4458730,10256303
890,Signal Hill,647692,21484062
891,Simi Valley,19455442,67894626
892,Solana Beach,7932800,16661890
893,Soledad,394822,10182264
894,Solvang,806574,8256819
895,Sonoma,3996528,15064073
896,Sonora,600218,6786497
897,South El Monte,967232,13951589
898,South Gate,2857869,42785430
899,South Lake Tahoe,8024816,44804113
900,South Pasadena,11899322,24396503
901,South San Francisco,19005437,112442864
902,St. Helena,4282876,19848603
903,Stanton,1411000,19522484
904,Stockton,34027804,246780107
905,Suisun City,861716,11854670
906,Sunnyvale,57187103,164971187
907,Susanville,968300,5226699
908,Sutter Creek,529148,1558652
909,Taft,681045,3825218
910,Tehachapi,917878,8105259
911,Tehama,20371,71740
912,Temecula,7709207,104324119
913,Temple City,4642722,14896696
914,Thousand Oaks,14676009,78416495
915,Tiburon,4991303,9598749
916,Torrance,35592627,175227194
917,Tracy,14347751,77936847
918,Trinidad,100128,617658
919,Truckee,11406585,30541441
920,Tulare,5182170,39925870
921,Tulelake,72048,326481
922,Turlock,5177104,40966263
923,Tustin,10026772,53418826
924,Twentynine Palms,1977254,10015456
925,Ukiah,735219,18556471
926,Union City,13051150,53524788
927,Upland,6249324,36233424
928,Vacaville,13972371,99276178
929,Vallejo,19022986,91899406
930,Vernon,2598046,44828308
931,Victorville,9105135,60552022
932,Villa Park,1894434,3152697
933,Visalia,11717530,97051189
934,Vista,12503029,70452618
935,Walnut,2677219,11798501
936,Walnut Creek,17879605,63192096
937,Wasco,686085,9020292
938,Waterford,353588,2821424
939,Watsonville,7410454,41706279
940,Weed,376842,2742727
941,West Covina,11464264,58104677
942,West Hollywood,17235437,78591393
943,West Sacramento,20012833,75931739
944,Westlake Village,2294161,12948966
945,Westminster,2357616,57645292
946,Westmorland,60692,559551
947,Wheatland,392252,2707373
948,Whittier,5712910,46079022
949,Wildomar,4069828,12762785
950,Williams,1082672,4379011
951,Willits,423580,4400378
952,Willows,794153,3961260
953,Windsor,5063790,17651384
954,Winters,719646,4074731
955,Woodlake,187313,4132847
956,Woodland,12149288,46467219
957,Woodside,3810901,7153354
958,Yorba Linda,14583986,36910862
959,Yountville,1038745,11706852
960,Yreka,1045584,6591958
961,Yuba City,7425215,33789592
962,Yucaipa,6515832,20493724
963,Yucca Valley,2791775,16203448
964,Adelanto,371577,8842082
965,Agoura Hills,2844608,18491359
966,Alameda,28068680,95816394
967,Albany,5092527,18580640
968,Alhambra,11070221,51948185
969,Aliso Viejo,2570404,18681521
970,Alturas,348783,1409116
971,Amador,36937,83985
972,American Canyon,12347766,20560644
973,Anaheim,41561426,330526199
974,Anderson,797426,7709568
975,Angels,541804,2870915
976,Antioch,10571396,52357193
977,Apple Valley,4585725,28755697
978,Arcadia,14663159,50426132
979,Arcata,1440977,11339036
980,Arroyo Grande,4927918,14946433
981,Artesia,868835,7394113
982,Arvin,212077,5244275
983,Atascadero,6728517,20996122
984,Atherton,8631819,15276181
985,Atwater,1750850,12149222
986,Auburn,2791719,11041824
987,Avalon,1013711,9477892
988,Avenal,460976,3336041
989,Azusa,4836045,31758282
990,Bakersfield,46461334,177062601
991,Baldwin Park,4298056,29842593
992,Banning,2536909,10978780
993,Barstow,5573820,25043006
994,Beaumont,4292627,17306312
995,Bell,666885,18542778
996,Bell Gardens,1130385,25791442
997,Bellflower,3260718,29220082
998,Belmont,3874001,31757606
999,Belvedere,4427718,6658760
1000,Benicia,16821577,40600963
1001,Berkeley,58702989,200290932
1002,Beverly Hills,64111042,211905933
1003,Big Bear Lake,7073552,18780564
1004,Biggs,157353,475245
1005,Bishop,534738,6301812
1006,Blue Lake,123852,453504
1007,Blythe,839318,6450479
1008,Bradbury,434271,1032360
1009,Brawley,1731982,10859128
1010,Brea,6735579,44566862
1011,Brentwood,12145410,45750480
1012,Brisbane,2369525,14929038
1013,Buellton,1443459,7711654
1014,Buena Park,6829609,54755059
1015,Burbank,32438012,131019749
1016,Burlingame,14591907,65093241
1017,Calabasas,7218736,27475186
1018,Calexico,1761437,14477657
1019,California City,1371723,9941217
1020,Calimesa,2411698,4623157
1021,Calipatria,55192,927584
1022,Calistoga,1802380,14473908
1023,Camarillo,9408645,39454801
1024,Campbell,9755191,40552761
1025,Canyon Lake,1725367,4728093
1026,Capitola,1136103,13509654
1027,Carlsbad,51654772,138502647
1028,Carmel-By-The-Sea,5897759,19623999
1029,Carpinteria,2357534,10231891
1030,Carson,7562060,66772081
1031,Cathedral City,1048490,45733061
1032,Ceres,2199690,18246152
1033,Cerritos,3496095,52057738
1034,Chico,7490667,53695460
1035,Chino,9392543,57199194
1036,Chino Hills,4488998,30044563
1037,Chowchilla,916496,5934161
1038,Chula Vista,33319299,141339936
1039,Citrus Heights,5231722,36073151
1040,Claremont,5596057,24189881
1041,Clayton,924983,5057593
1042,Clearlake,900549,7846720
1043,Cloverdale,1452597,6308246
1044,Clovis,13482755,57888721
1045,Coachella,745852,17512893
1046,Coalinga,353758,4227805
1047,Colfax,335836,2110033
1048,Colma,449580,16531915
1049,Colton,3630200,24360431
1050,Colusa,817468,3196953
1051,Commerce,1988847,68207739
1052,Compton,3813118,73854851
1053,Concord,15389910,94852078
1054,Corcoran,316411,4775043
1055,Corning,539841,5875968
1056,Corona,26605471,96252439
1057,Coronado,25613105,49799920
1058,Corte Madera,4494815,19229880
1059,Costa Mesa,27154642,112838244
1060,Cotati,523935,6473254
1061,Covina,6445618,32226807
1062,Crescent City,135720,3953470
1063,Cudahy,165911,7740862
1064,Culver City,5267407,91895403
1065,Cupertino,14441763,63988969
1066,Cypress,9088829,34086309
1067,Daly City,20121170,63981541
1068,Dana Point,8485019,35271763
1069,Danville,9626264,24268923
1070,Davis,15002537,52617031
1071,Del Mar,5405272,15021223
1072,Del Rey Oaks,451487,2982952
1073,Delano,2289216,23582729
1074,Desert Hot Springs,808125,13092287
1075,Diamond Bar,5012513,21943614
1076,Dinuba,711196,15204257
1077,Dixon,3915888,17432917
1078,Dorris,93106,227755
1079,Dos Palos,318564,1648437
1080,Downey,14748696,76207980
1081,Duarte,1650099,11647201
1082,Dublin,32692356,95420691
1083,Dunsmuir,294426,977733
1084,East Palo Alto,6644076,27842021
1085,Eastvale,8481114,25260349
1086,El Cajon,7814160,65513857
1087,El Centro,3583353,31482328
1088,El Cerrito,7514134,20665101
1089,El Monte,6274428,73393625
1090,El Paso De Robles,6416433,38389904
1091,El Segundo,7841749,65155349
1092,Elk Grove,12181203,68969125
1093,Emeryville,1611001,46504421
1094,Encinitas,37580605,64453977
1095,Escalon,1077046,3166106
1096,Escondido,12560691,82328217
1097,Etna,102464,280813
1098,Eureka,2009408,26218187
1099,Exeter,988943,4344483
1100,Fairfax,2633936,9516555
1101,Fairfield,14134213,102143181
1102,Farmersville,353980,5689894
1103,Ferndale,144674,778425
1104,Fillmore,508833,6296286
1105,Firebaugh,200925,3533461
1106,Folsom,24537818,76136635
1107,Fontana,15639271,108743388
1108,Fort Bragg,407278,7122629
1109,Fort Jones,84787,286492
1110,Fortuna,478707,6295584
1111,Foster City,NULL,15073587
1112,Fountain Valley,12610178,48088953
1113,Fowler,670656,5097557
1114,Fremont,67054910,231548339
1115,Fresno,66912003,272431676
1116,Fullerton,28007416,74623124
1117,Galt,2567550,12389052
1118,Garden Grove,14620340,102517554
1119,Gardena,6909911,46768214
1120,Gilroy,8278945,44140042
1121,Glendale,33409762,176910053
1122,Glendora,6459229,27896002
1123,Goleta,3172894,26694247
1124,Gonzales,464180,5105216
1125,Grand Terrace,569953,4332487
1126,Grass Valley,2538238,13672560
1127,Greenfield,351679,6859257
1128,Gridley,462621,2501800
1129,Grover Beach,2279809,8217549
1130,Guadalupe,175966,2501006
1131,Gustine,531080,2278625
1132,Half Moon Bay,1798256,15014689
1133,Hanford,5060767,28576329
1134,Hawaiian Gardens,-227,4338350
1135,Hawthorne,5644846,63063818
1136,Hayward,32833466,153035303
1137,Healdsburg,2099228,15734037
1138,Hemet,5495109,44587789
1139,Hercules,1194469,12224679
1140,Hermosa Beach,14572647,28862884
1141,Hesperia,4661975,35984078
1142,Hidden Hills,906651,3468109
1143,Highland,6189966,22092410
1144,Hillsborough,15210290,23596866
1145,Hollister,1117112,22332993
1146,Holtville,341789,1923225
1147,Hughson,319865,2419648
1148,Huntington Beach,49294834,144484650
1149,Huntington Park,925925,27766022
1150,Huron,52715,1916477
1151,Imperial,1299923,7085032
1152,Imperial Beach,1712000,11206204
1153,Indian Wells,2559302,20135476
1154,Indio,6653155,60326978
1155,Industry,2328590,107482198
1156,Inglewood,8573823,121823560
1157,Ione,681720,2410694
1158,Irvine,42262900,212719735
1159,Irwindale,500639,20620986
1160,Isleton,74119,1008894
1161,Jackson,786242,2842325
1162,Jurupa Valley,5011103,30675375
1163,Kerman,727576,5013119
1164,King City,851713,6586256
1165,Kingsburg,1209303,5127556
1166,La Canada Flintridge,5241924,13195841
1167,La Habra,9772593,36128592
1168,La Habra Heights,1455906,2625737
1169,La Mesa,7185498,42124054
1170,La Mirada,6757575,34421629
1171,La Palma,2118317,10566409
1172,La Puente,1441800,12790104
1173,La Quinta,6764856,46539689
1174,La Verne,5117172,21901628
1175,Lafayette,5023200,15463883
1176,Laguna Beach,31780350,58884445
1177,Laguna Hills,7019458,19562797
1178,Laguna Niguel,15054646,37462300
1179,Laguna Woods,252015,5621183
1180,Lake Elsinore,2665332,26495483
1181,Lake Forest,9605342,55197369
1182,Lakeport,441967,4837728
1183,Lakewood,4978241,36541737
1184,Lancaster,3550198,75939103
1185,Larkspur,8123802,17954082
1186,Lathrop,4081942,22273207
1187,Lawndale,1040348,13350453
1188,Lemon Grove,2347009,12105922
1189,Lemoore,814213,7446400
1190,Lincoln,5817265,18557137
1191,Lindsay,328892,5425560
1192,Live Oak,634418,2479534
1193,Livermore,30559069,92409589
1194,Livingston,1296888,5681613
1195,Lodi,9958944,41013030
1196,Loma Linda,1233650,13410471
1197,Lomita,1722475,7230108
1198,Lompoc,4097895,18290992
1199,Long Beach,90031000,464544000
1200,Loomis,1109415,4750643
1201,Los Alamitos,2062914,10526370
1202,Los Altos,17214279,34775197
1203,Los Altos Hills,4360702,6922444
1204,Los Angeles,1284644535,4834137829
1205,Los Banos,3480970,19454867
1206,Los Gatos,7529774,30360001
1207,Loyalton,34097,158102
1208,Lynwood,2731961,32933038
1209,Madera,3881730,27046313
1210,Malibu,10820756,26124000
1211,Mammoth Lakes,2676913,32925267
1212,Manhattan Beach,25466094,51536668
1213,Manteca,7632386,48716752
1214,Maricopa,124061,307963
1215,Marina,2300328,19152695
1216,Martinez,8574093,29572016
1217,Marysville,1037973,7276812
1218,Maywood,265521,9387373
1219,McFarland,316518,3402570
1220,Mendota,391192,3502186
1221,Menifee,12393597,42542507
1222,Menlo Park,13541023,51905862
1223,Merced,6641723,40046668
1224,Mill Valley,16085701,30751089
1225,Millbrae,5497400,25015078
1226,Milpitas,17165592,106037394
1227,Mission Viejo,23097595,56487868
1228,Modesto,14888678,124084767
1229,Monrovia,8094092,37708803
1230,Montague,145540,394086
1231,Montclair,2920659,27631882
1232,Monte Sereno,1241135,2200379
1233,Montebello,3968425,47001507
1234,Monterey,7106772,68396274
1235,Monterey Park,9362328,41487903
1236,Moorpark,4805722,16928101
1237,Moraga,2167596,8404035
1238,Moreno Valley,17704230,96422328
1239,Morgan Hill,5044988,38320823
1240,Morro Bay,3148990,12275815
1241,Mountain View,80345854,141785049
1242,Mt. Shasta,533365,3212749
1243,Murrieta,19071240,55126076
1244,Napa,20281935,77396647
1245,National City,3693741,46505026
1246,Needles,1384199,3515111
1247,Nevada City,1215041,4813148
1248,Newark,14242836,55208109
1249,Newman,792143,3177385
1250,Newport Beach,86945794,174374347
1251,Norco,1388515,14710502
1252,Norwalk,7115241,44819840
1253,Novato,7112564,34443246
1254,Oakdale,1592444,12962220
1255,Oakland,119769814,743384802
1256,Oakley,3144982,18566754
1257,Oceanside,40163902,108112741
1258,Ojai,1578421,7939592
1259,Ontario,29240846,223880702
1260,Orange,22599286,97514082
1261,Orange Cove,47584,2234442
1262,Orinda,4933170,14664482
1263,Orland,813617,4662125
1264,Oroville,502084,12156005
1265,Oxnard,34114311,126648408
1266,Pacific Grove,4909886,20834385
1267,Pacifica,11482457,26391082
1268,Palm Desert,5372188,56284025
1269,Palm Springs,23152271,111447309
1270,Palmdale,5761349,83610620
1271,Palo Alto,31946135,127802724
1272,Palos Verdes Estates,8059624,11492242
1273,Paradise,5047777,15437966
1274,Paramount,1724899,25785263
1275,Parlier,236754,4042360
1276,Pasadena,50137053,189718545
1277,Patterson,2885752,11782289
1278,Perris,5021858,73848994
1279,Petaluma,8470438,39340261
1280,Pico Rivera,2989694,40018750
1281,Piedmont,12873330,23180316
1282,Pinole,4432273,18734429
1283,Pismo Beach,4085495,21106779
1284,Pittsburg,3381343,30599485
1285,Placentia,8141457,28161206
1286,Placerville,255489,9811821
1287,Pleasant Hill,3065900,26519181
1288,Pleasanton,56448899,108424263
1289,Plymouth,191151,1117269
1290,Point Arena,55828,403500
1291,Pomona,16183410,86571769
1292,Port Hueneme,1572914,8756628
1293,Porterville,2743543,24014528
1294,Portola,232315,800014
1295,Portola Valley,2254186,4867411
1296,Poway,10176481,42769362
1297,Rancho Cordova,9685010,60834269
1298,Rancho Cucamonga,32403321,127548784
1299,Rancho Mirage,2972416,25636586
1300,Rancho Palos Verdes,8274284,30232750
1301,Rancho Santa Margarita,2426692,16275984
1302,Red Bluff,1467165,9203642
1303,Redding,11326299,51924553
1304,Redlands,19087214,55102155
1305,Redondo Beach,26067941,66979594
1306,Redwood City,35757150,107591308
1307,Reedley,1198426,7530057
1308,Rialto,5992593,63338151
1309,Richmond,34639315,171896177
1310,Ridgecrest,397214,13152083
1311,Rio Dell,114268,1254286
1312,Rio Vista,1524524,4891957
1313,Ripon,1790489,7771339
1314,Riverbank,1276797,7284135
1315,Riverside,22096295,237739102
1316,Rocklin,10764499,41338356
1317,Rohnert Park,3359951,29932970
1318,Rolling Hills,1083615,1469245
1319,Rolling Hills Estates,2153479,5716573
1320,Rosemead,2857948,20113517
1321,Roseville,32982299,102909309
1322,Ross,3643479,5578222
1323,Sacramento,115332000,413850000
1324,Salinas,14686770,130166581
1325,San Anselmo,6765897,16625270
1326,San Bernardino,25161,112622195
1327,San Bruno,7216297,32287262
1328,San Buenaventura,25332826,96628875
1329,San Carlos,10726674,38220371
1330,San Clemente,24575814,50976522
1331,San Diego,360056794,1355794206
1332,San Dimas,4128453,21625750
1333,San Fernando,1557791,21477996
1334,San Francisco,1430002636,4286571991
1335,San Gabriel,5022465,30187769
1336,San Jacinto,1795240,11883776
1337,San Joaquin,53476,897091
1338,San Jose,198664211,1010698611
1339,San Juan Bautista,342720,1286526
1340,San Juan Capistrano,6517360,25610526
1341,San Leandro,12825209,96788083
1342,San Luis Obispo,11437119,58819689
1343,San Marcos,6177344,44782264
1344,San Marino,14617819,20352711
1345,San Mateo,34526024,112739864
1346,San Pablo,1187106,41016744
1347,San Rafael,14430226,70121442
1348,San Ramon,13786256,40980934
1349,Sand City,90845,5995572
1350,Sanger,1601547,10310133
1351,Santa Ana,35666775,191341579
1352,Santa Barbara,21751584,108250406
1353,Santa Clara,32788019,140521139
1354,Santa Clarita,24369963,119677719
1355,Santa Cruz,12627279,75470006
1356,Santa Fe Springs,2471354,44048585
1357,Santa Maria,10680799,55257038
1358,Santa Monica,30482687,280646701
1359,Santa Paula,3263943,13576959
1360,Santa Rosa,25442186,133504065
1361,Santee,10010992,35423131
1362,Saratoga,8291115,18616870
1363,Sausalito,4417069,12892734
1364,Scotts Valley,919974,9807334
1365,Seal Beach,8087698,23723189
1366,Seaside,1766753,28958336
1367,Sebastopol,1355307,8140852
1368,Selma,1342689,14410918
1369,Shafter,1383260,20465039
1370,Shasta Lake,771412,3883028
1371,Sierra Madre,4377433,9737063
1372,Signal Hill,642232,19381615
1373,Simi Valley,18563204,63874199
1374,Solana Beach,7457366,15694967
1375,Soledad,396511,8456115
1376,Solvang,767841,8035596
1377,Sonoma,3657635,14090856
1378,Sonora,562632,6705894
1379,South El Monte,792252,12096825
1380,South Gate,2715183,40104868
1381,South Lake Tahoe,7569074,43769982
1382,South Pasadena,10832812,22881513
1383,South San Francisco,17636632,98691385
1384,St. Helena,3816461,14562658
1385,Stanton,2429186,19029225
1386,Stockton,32490449,245074865
1387,Suisun City,816824,11432843
1388,Sunnyvale,50958175,148460501
1389,Susanville,917595,5397288
1390,Sutter Creek,503384,1565742
1391,Taft,684666,4996178
1392,Tehachapi,997752,6716472
1393,Tehama,19022,74597
1394,Temecula,7132362,102770431
1395,Temple City,4275079,11804163
1396,Thousand Oaks,14159539,75874594
1397,Tiburon,3943657,9121537
1398,Torrance,33951559,169018348
1399,Tracy,13610803,86112046
1400,Trinidad,92094,629009
1401,Truckee,10653314,26925248
1402,Tulare,4921063,36815014
1403,Tulelake,69861,288778
1404,Turlock,4903104,37951822
1405,Tustin,9610470,55832418
1406,Twentynine Palms,1976059,9708803
1407,Ukiah,694795,17206476
1408,Union City,12518611,53257993
1409,Upland,5912553,33131214
1410,Vacaville,13721900,84966165
1411,Vallejo,17840968,86909163
1412,Vernon,2659264,37319606
1413,Victorville,8812970,57986946
1414,Villa Park,1891119,3201056
1415,Visalia,11026812,91805009
1416,Vista,11636492,60183695
1417,Walnut,2097045,11193120
1418,Walnut Creek,16664743,60951795
1419,Wasco,613040,8710367
1420,Waterford,344841,2666305
1421,Watsonville,5664984,38574812
1422,Weed,367848,2494854
1423,West Covina,13420900,56343252
1424,West Hollywood,16145568,74330244
1425,West Sacramento,19048861,66921094
1426,Westlake Village,2279270,12548959
1427,Westminster,2355017,54200031
1428,Westmorland,68042,751022
1429,Wheatland,356620,2096913
1430,Whittier,5493313,43109330
1431,Wildomar,3848480,9578296
1432,Williams,1061990,3550099
1433,Willits,403951,4286156
1434,Willows,776811,3563424
1435,Windsor,5029921,16895556
1436,Winters,689887,3795894
1437,Woodlake,182354,2331289
1438,Woodland,11301218,41989030
1439,Woodside,3674589,7545643
1440,Yorba Linda,15620858,35609065
1441,Yountville,898880,9950055
1442,Yreka,1059394,6339593
1443,Yuba City,7085345,31195141
1444,Yucaipa,6318856,18863739
1445,Yucca Valley,2643410,15285162
